Title,Price,Date
"Intelligent Change - The Five Minute Journal, Original Daily Gratitude & Reflection Journal, Manifestation Journal for Mindfulness, Undated Daily Journal, Plastic-Free, White",28.99,2022-10-24
"Intelligent Change - The Five Minute Journal, Original Daily Gratitude & Reflection Journal, Manifestation Journal for Mindfulness, Undated Daily Journal, Plastic-Free, White",28.99,2022-10-24
"Intelligent Change - The Five Minute Journal, Original Daily Gratitude & Reflection Journal, Manifestation Journal for Mindfulness, Undated Daily Journal, Plastic-Free, White",28.99,2022-10-24
"Intelligent Change - The Five Minute Journal, Original Daily Gratitude & Reflection Journal, Manifestation Journal for Mindfulness, Undated Daily Journal, Plastic-Free, White",28.99,2022-10-24
"Intelligent Change - The Five Minute Journal, Original Daily Gratitude & Reflection Journal, Manifestation Journal for Mindfulness, Undated Daily Journal, Plastic-Free, White",28.99,2022-10-24
"Intelligent Change - The Five Minute Journal, Original Daily Gratitude & Reflection Journal, Manifestation Journal for Mindfulness, Undated Daily Journal, Plastic-Free, White",28.99,2022-10-24
"Intelligent Change - The Five Minute Journal, Original Daily Gratitude & Reflection Journal, Manifestation Journal for Mindfulness, Undated Daily Journal, Plastic-Free, White",28.99,2022-10-24
"Intelligent Change - The Five Minute Journal, Original Daily Gratitude & Reflection Journal, Manifestation Journal for Mindfulness, Undated Daily Journal, Plastic-Free, White",28.99,2022-10-24
"Intelligent Change - The Five Minute Journal, Original Daily Gratitude & Reflection Journal, Manifestation Journal for Mindfulness, Undated Daily Journal, Plastic-Free, White",28.99,2022-10-24
"Intelligent Change - The Five Minute Journal, Original Daily Gratitude & Reflection Journal, Manifestation Journal for Mindfulness, Undated Daily Journal, Plastic-Free, White",28.99,2022-10-24
"Intelligent Change - The Five Minute Journal, Original Daily Gratitude & Reflection Journal, Manifestation Journal for Mindfulness, Undated Daily Journal, Plastic-Free, White",28.99,2022-10-24
"Intelligent Change - The Five Minute Journal, Original Daily Gratitude & Reflection Journal, Manifestation Journal for Mindfulness, Undated Daily Journal, Plastic-Free, White",28.99,2022-10-24
"Intelligent Change - The Five Minute Journal, Original Daily Gratitude & Reflection Journal, Manifestation Journal for Mindfulness, Undated Daily Journal, Plastic-Free, White",28.99,2022-10-24
"Intelligent Change - The Five Minute Journal, Original Daily Gratitude & Reflection Journal, Manifestation Journal for Mindfulness, Undated Daily Journal, Plastic-Free, White",28.99,2022-10-24
"Intelligent Change - The Five Minute Journal, Original Daily Gratitude & Reflection Journal, Manifestation Journal for Mindfulness, Undated Daily Journal, Plastic-Free, White",28.99,2022-10-24
"Intelligent Change - The Five Minute Journal, Original Daily Gratitude & Reflection Journal, Manifestation Journal for Mindfulness, Undated Daily Journal, Plastic-Free, White",28.99,2022-10-24
"Intelligent Change - The Five Minute Journal, Original Daily Gratitude & Reflection Journal, Manifestation Journal for Mindfulness, Undated Daily Journal, Plastic-Free, White",28.99,2022-10-24
